{
    "Distance": 19.617399204925473,
    "Time_Difference": "0:00:29",
    "Speed": 0.6764620415491542,
    "Aceleracao": 0.02332627729479842
}