Distance,Time_Difference,Speed,Aceleracao
9.578619608473762,0:00:24,0.3991091503530734,0.01662954793137806
