Distance,Time_Difference,Speed,Aceleracao
30.92101791015013,0:00:26,1.189269919621159,0.04574115075465996
