{
    "Distance": 30.92101791015013,
    "Time_Difference": "0:00:26",
    "Speed": 1.189269919621159,
    "Aceleracao": 0.04574115075465996
}