{
    "Distance": 9.578619608473762,
    "Time_Difference": "0:00:24",
    "Speed": 0.3991091503530734,
    "Aceleracao": 0.01662954793137806
}